id,source,text_preview,entities,predicted_score,predicted_tier,expected_tier
synthetic_00510,corpus,"PROGRESS NOTE

Patient: Christina Reese
DOB: 11/21/1940
MRN: MRN-2538535
SSN: 73","{""full_name"": 1, ""date_of_birth"": 1, ""mrn"": 1, ""ssn"": 1, ""phone"": 1}",55.8,Medium,
7cdae136,template_adversarial,here's my ssn ****80904,"{""ssn"": 1}",8.1,Minimal,
synthetic_00149,corpus,"CONSULTATION NOTE

Date: 12/07/2025
Consultant: Dr. Patrick Williams
Referring P","{""full_name"": 1, ""date_of_birth"": 1, ""age"": 1, ""ssn"": 1, ""phone"": 1, ""email"": 1, ""credit_card"": 1}",77.2,High,
a0d8552a,claude,Our supplier requests payment to the following account: GB29NWBK60161331926819. ,"{""bank_account"": 1}",6.3,Minimal,
6c237d28,claude_adversarial,Investigating potential fraud with license 234567890 and passport XY76 54321.,"{""drivers_license"": 1, ""passport"": 1}",14.4,Low,
synthetic_00810,corpus,"DISCHARGE SUMMARY
========================================

Patient Name: Joshua","{""full_name"": 1, ""date_of_birth"": 1, ""mrn"": 1, ""ssn"": 1, ""physical_address"": 1, ""email"": 1}",64.8,High,
synthetic_00521,corpus,"CONSULTATION NOTE

Date: 12/04/2025
Consultant: Dr. Lauren Richardson
Referring ","{""full_name"": 1, ""date_of_birth"": 1, ""age"": 1, ""ssn"": 1, ""phone"": 1, ""email"": 1, ""credit_card"": 1}",77.2,High,
944d71df,claude,Please update your support profile with license W2345678.,"{""drivers_license"": 1}",6.3,Minimal,
032eaaec,claude,"Hi team, I'm sending over Michael Rodriguez's onboarding documents. His SSN is 4","{""full_name"": 1, ""ssn"": 1, ""date_of_birth"": 1}",18.0,Low,
0a7414c7,negative_near_miss,Invoice #INV-470-61-7069,{},0.0,Minimal,
synthetic_00507,corpus,"PROGRESS NOTE

Patient: Bradley Wood
DOB: 11/27/1947
MRN: MRN-6034918
SSN: 694-5","{""full_name"": 1, ""date_of_birth"": 1, ""mrn"": 1, ""ssn"": 1, ""phone"": 1}",55.8,Medium,
synthetic_00261,corpus,"PROGRESS NOTE

Patient: Michael Washington
DOB: 12/15/1970
MRN: MRN-3483929
SSN:","{""full_name"": 1, ""date_of_birth"": 1, ""mrn"": 1, ""ssn"": 1, ""phone"": 1}",55.8,Medium,
synthetic_00458,corpus,"REFERRAL LETTER

Date: 12/11/2025

To: Dr. Andrew Taylor
Anthonystad Specialty C","{""full_name"": 1, ""date_of_birth"": 1, ""phone"": 1}",13.5,Low,
7232bde6,template,"Account holder: Edwards, Jeff
Account: 093079685909
SSN: 439.90.5012
Address: 40","{""full_name"": 1, ""bank_account"": 1, ""ssn"": 1, ""physical_address"": 1}",51.5,Medium,
synthetic_00829,corpus,"PROGRESS NOTE

Patient: Patricia Wood
DOB: 06/03/1951
MRN: MRN-3295382
SSN: 429-","{""full_name"": 1, ""date_of_birth"": 1, ""mrn"": 1, ""ssn"": 1, ""phone"": 1}",55.8,Medium,
cd247636,claude,"University Enrollment - SSN: 345-67-8901, Born: March 22, 1985","{""ssn"": 1, ""date_of_birth"": 1}",13.5,Low,
synthetic_00352,corpus,"PROGRESS NOTE

Patient: Joseph Carter
DOB: 08/29/1981
MRN: MRN-5659980
SSN: 137-","{""full_name"": 1, ""date_of_birth"": 1, ""mrn"": 1, ""ssn"": 1, ""phone"": 1}",55.8,Medium,
synthetic_00486,corpus,"DISCHARGE SUMMARY
========================================

Patient Name: Karla ","{""full_name"": 1, ""date_of_birth"": 1, ""mrn"": 1, ""ssn"": 1, ""physical_address"": 1, ""email"": 1}",64.8,High,
synthetic_00603,corpus,"CONSULTATION NOTE

Date: 12/08/2025
Consultant: Dr. Breanna Williams
Referring P","{""full_name"": 1, ""date_of_birth"": 1, ""age"": 1, ""ssn"": 1, ""phone"": 1, ""email"": 1, ""credit_card"": 1}",77.2,High,
2765f998,claude,Government Services Form - License: CA5432109 Passport: D67890123,"{""drivers_license"": 1, ""passport"": 1}",14.4,Low,
3438b46c,claude,The customer's license CA23456 needs to be verified for account access.,"{""drivers_license"": 1}",6.3,Minimal,
37b1e6d2,claude,Urgent procurement request: contact karen_thompson55@corporate.org or 206.555.23,"{""email"": 1, ""phone"": 1}",7.2,Minimal,
e29d7a97,claude,Request for license replacement: Current license B1234567 was damaged in transit,"{""drivers_license"": 1}",6.3,Minimal,
synthetic_00842,corpus,"DISCHARGE SUMMARY
========================================

Patient Name: Jason ","{""full_name"": 1, ""date_of_birth"": 1, ""mrn"": 1, ""ssn"": 1, ""physical_address"": 1, ""email"": 1}",64.8,High,
synthetic_00546,corpus,"PROGRESS NOTE

Patient: Christopher Nash
DOB: 01/19/1982
MRN: MRN-9907637
SSN: 8","{""full_name"": 1, ""date_of_birth"": 1, ""mrn"": 1, ""ssn"": 1, ""phone"": 1}",55.8,Medium,
17abedf4,claude,"HR contact William Chen: reachable at (425) 555-1122, works from 789 Tech Park D","{""phone"": 1, ""physical_address"": 1, ""email"": 1}",11.7,Low,
72e788bc,template_adversarial,"Account holder: M itchell
Account: 2223 1059274523
SSN: 576.91. 0569
Address: 57","{""full_name"": 1, ""bank_account"": 1, ""ssn"": 1, ""physical_address"": 1}",51.5,Medium,
bc61a429,claude,"Insurance claim for Thomas Edward Baker, social security 456 78 9012, birth 1991","{""full_name"": 1, ""ssn"": 1, ""date_of_birth"": 1}",18.0,Low,
c5df6f3b,claude_adversarial,"University Enrollment: Thompson, David Michael SSN: 345/67/8901","{""full_name"": 1, ""ssn"": 1}",12.6,Low,
synthetic_00143,corpus,"PROGRESS NOTE

Patient: Casey Gutierrez
DOB: 01/25/1986
MRN: MRN-9594877
SSN: 30","{""full_name"": 1, ""date_of_birth"": 1, ""mrn"": 1, ""ssn"": 1, ""phone"": 1}",55.8,Medium,
synthetic_00214,corpus,"PROGRESS NOTE

Patient: Alexandra Davis
DOB: 07/21/1942
MRN: MRN-8481668
SSN: 36","{""full_name"": 1, ""date_of_birth"": 1, ""mrn"": 1, ""ssn"": 1, ""phone"": 1}",55.8,Medium,
synthetic_00043,corpus,"DISCHARGE SUMMARY
========================================

Patient Name: Alyssa","{""full_name"": 1, ""date_of_birth"": 1, ""mrn"": 1, ""ssn"": 1, ""physical_address"": 1, ""email"": 1}",64.8,High,
855f82a7,claude,"Academic Transcript for Thomas James Baker, SSN: 901234567, Date of Birth: Febru","{""full_name"": 1, ""ssn"": 1, ""date_of_birth"": 1}",18.0,Low,
25589451,claude_adversarial,Medical history document listing patient identifier 345678901 with birthdate sEP,"{""ssn"": 1, ""date_of_birth"": 1}",13.5,Low,
f449bb33,claude,"Payment Info: Card 4532 0151 1283 0366, IBAN DE89370400440532013000","{""credit_card"": 1, ""bank_account"": 1}",14.4,Low,
d8db1f48,template,Mobile: +1 357 845 2182,"{""phone"": 1}",3.6,Minimal,
2b6c7b74,claude_adversarial,"Emergency contact for Sarah Williams: eMERgEncY.coNTACt@faMilYNetWOrk.oRG, Phone","{""email"": 1, ""phone"": 1, ""physical_address"": 1}",11.7,Low,
06c94b67,claude,"Account verification for Rodriguez, Jennifer Anne. SSN 345 67 8901, born 1988-04","{""full_name"": 1, ""ssn"": 1, ""date_of_birth"": 1}",18.0,Low,
synthetic_00026,corpus,"DISCHARGE SUMMARY
========================================

Patient Name: Adrian","{""full_name"": 1, ""date_of_birth"": 1, ""mrn"": 1, ""ssn"": 1, ""physical_address"": 1, ""email"": 1}",64.8,High,
synthetic_00002,corpus,"PROGRESS NOTE

Patient: Melinda Jones
DOB: 04/27/1981
MRN: MRN-9961380
SSN: 747-","{""full_name"": 1, ""date_of_birth"": 1, ""mrn"": 1, ""ssn"": 1, ""phone"": 1}",55.8,Medium,
3e46fde9,claude,Resolving transaction issue for account 67854321 with IBAN GB29NWBK6016133192681,"{""bank_account"": 2, ""credit_card"": 1}",18.8,Low,
synthetic_00883,corpus,"PROGRESS NOTE

Patient: Brent Manning
DOB: 07/06/1983
MRN: MRN-8904836
SSN: 293-","{""full_name"": 1, ""date_of_birth"": 1, ""mrn"": 1, ""ssn"": 1, ""phone"": 1}",55.8,Medium,
55053a74,claude,Debugging connection on 216.58.217.78 and tracking vehicle 1HGBH41JXMN109186,"{""ip_address"": 1}",2.7,Minimal,
synthetic_00116,corpus,"PROGRESS NOTE

Patient: Casey Parker
DOB: 03/24/1985
MRN: MRN-3136551
SSN: 182-9","{""full_name"": 1, ""date_of_birth"": 1, ""mrn"": 1, ""ssn"": 1, ""phone"": 1}",55.8,Medium,
973b631e,negative_numbers_context,Estimated delivery: 8 business days.,{},0.0,Minimal,
cbed236f,claude,"Insurance enrollment for Elizabeth Anne Parker. SSN 987 65 4321, Born 05/18/1995","{""full_name"": 1, ""ssn"": 1, ""date_of_birth"": 1}",18.0,Low,
a5101e1f,claude,"Research grant application submitted by Anderson, Christopher highlights innovat","{""full_name"": 1}",4.5,Minimal,
f866f9f3,claude,Following up on the conference registration payment. We'll charge the provided c,"{""credit_card"": 1}",8.1,Minimal,
0618adef,ai4privacy,"Computer safety training on phishing, login at IP 247.17.113.191 at 19. Use Mozi","{""ip_address"": 1}",2.7,Minimal,
9dab2196,ai4privacy_adversarial,"Mother Μckennα Ρarkеr Runοlfѕdottir (DOB: Seрtember 9, і961, SSN: 723 62 3462) i","{""full_name"": 5, ""date_of_birth"": 1, ""ssn"": 1, ""physical_address"": 1, ""bank_account"": 1}",79.3,High,
a2a1b6a8,negative_format_matching,FedEx: 0928-2616-4170,{},0.0,Minimal,
07edf79a,claude,Ticket #2345: Verify identity for Sarah Miller. Social security 234567890 with b,"{""ssn"": 1, ""date_of_birth"": 1}",13.5,Low,
synthetic_00913,corpus,"CONSULTATION NOTE

Date: 12/01/2025
Consultant: Dr. Ashley Bell
Referring Physic","{""full_name"": 1, ""date_of_birth"": 1, ""age"": 1, ""ssn"": 1, ""phone"": 1, ""email"": 1, ""credit_card"": 1}",77.2,High,
synthetic_00773,corpus,"CONSULTATION NOTE

Date: 12/18/2025
Consultant: Dr. Brittany Price
Referring Phy","{""full_name"": 1, ""date_of_birth"": 1, ""age"": 1, ""ssn"": 1, ""phone"": 1, ""email"": 1, ""credit_card"": 1}",77.2,High,
82811030,claude,"Visa Application - License Number 456789123, Passport: AB2345678","{""drivers_license"": 1, ""passport"": 1}",14.4,Low,
synthetic_00073,corpus,"DISCHARGE SUMMARY
========================================

Patient Name: Pamela","{""full_name"": 1, ""date_of_birth"": 1, ""mrn"": 1, ""ssn"": 1, ""physical_address"": 1, ""email"": 1}",64.8,High,
404e35d2,claude,"Network Device Configuration
MAC Address: 00-1A-2B-3C-4D-5E
Support URL: https:/",{},0.0,Minimal,
dd5a0b2e,claude_adversarial,"Send report to jessica.brown@​outlook.com, mailing address: 987 Magno​lia Drive.","{""email"": 1, ""physical_address"": 1, ""phone"": 1}",11.7,Low,
synthetic_00444,corpus,"CONSULTATION NOTE

Date: 12/04/2025
Consultant: Dr. Mary Sullivan
Referring Phys","{""full_name"": 1, ""date_of_birth"": 1, ""age"": 1, ""ssn"": 1, ""phone"": 1, ""email"": 1, ""credit_card"": 1}",77.2,High,
synthetic_00496,corpus,"PROGRESS NOTE

Patient: Michelle Jones
DOB: 10/30/1949
MRN: MRN-4468470
SSN: 585","{""full_name"": 1, ""date_of_birth"": 1, ""mrn"": 1, ""ssn"": 1, ""phone"": 1}",55.8,Medium,
2289a230,claude_adversarial,"Academic Transcript for willIAMs, chRiSTopheR, DOB 07/14/1995, Student ID with S","{""full_name"": 1, ""date_of_birth"": 1, ""ssn"": 1}",18.0,Low,
synthetic_00929,corpus,"CONSULTATION NOTE

Date: 12/03/2025
Consultant: Dr. Courtney Ramirez
Referring P","{""full_name"": 1, ""date_of_birth"": 1, ""age"": 1, ""ssn"": 1, ""phone"": 1, ""email"": 1, ""credit_card"": 1}",77.2,High,
9b8ac66e,claude_adversarial,New employee record for David Christopher Smith. SSN 901/23/4567. Date of birth:,"{""full_name"": 1, ""ssn"": 1, ""date_of_birth"": 1}",18.0,Low,
synthetic_00724,corpus,"PROGRESS NOTE

Patient: Michael Gutierrez
DOB: 07/18/1959
MRN: MRN-3213110
SSN: ","{""full_name"": 1, ""date_of_birth"": 1, ""mrn"": 1, ""ssn"": 1, ""phone"": 1}",55.8,Medium,
13c7d825,claude_adversarial,Background Check Form - SSN: 890 ​56 7234,"{""ssn"": 1}",8.1,Minimal,
synthetic_00544,corpus,"CONSULTATION NOTE

Date: 12/14/2025
Consultant: Dr. Jacqueline Warner
Referring ","{""full_name"": 1, ""date_of_birth"": 1, ""age"": 1, ""ssn"": 1, ""phone"": 1, ""email"": 1, ""credit_card"": 1}",77.2,High,
synthetic_00836,corpus,"REFERRAL LETTER

Date: 12/11/2025

To: Dr. Jared Carter
East Jennifershire Speci","{""full_name"": 1, ""date_of_birth"": 1, ""phone"": 1}",13.5,Low,
synthetic_00517,corpus,"PROGRESS NOTE

Patient: Mark Murphy
DOB: 03/07/1995
MRN: MRN-9095897
SSN: 576-19","{""full_name"": 1, ""date_of_birth"": 1, ""mrn"": 1, ""ssn"": 1, ""phone"": 1}",55.8,Medium,
synthetic_00630,corpus,"CONSULTATION NOTE

Date: 12/06/2025
Consultant: Dr. Kristi White
Referring Physi","{""full_name"": 1, ""date_of_birth"": 1, ""age"": 1, ""ssn"": 1, ""phone"": 1, ""email"": 1, ""credit_card"": 1}",77.2,High,
815b0a78,template,"Account holder: Mitchell
Account: 22231059274523
SSN: 576.91.0569
Address: 57828","{""full_name"": 1, ""bank_account"": 1, ""ssn"": 1, ""physical_address"": 1}",51.5,Medium,
synthetic_00670,corpus,"PROGRESS NOTE

Patient: Leslie Martin
DOB: 02/27/1952
MRN: MRN-2731464
SSN: 155-","{""full_name"": 1, ""date_of_birth"": 1, ""mrn"": 1, ""ssn"": 1, ""phone"": 1}",55.8,Medium,
5fabae9a,claude_adversarial,"Employment Verification: Driver License D901234​5, Passport Number 456​789012, E","{""drivers_license"": 1, ""passport"": 1}",14.4,Low,
eba18ec3,claude,"If you need assistance, contact our helpline at 888-123-4567.","{""phone"": 1}",3.6,Minimal,
a3e9e1a4,claude,"Startup Investment Proposal: Founder Elena Kim, contact details. Personal email:","{""email"": 1, ""physical_address"": 1, ""phone"": 1}",11.7,Low,
synthetic_00124,corpus,"PROGRESS NOTE

Patient: Samuel Suarez
DOB: 01/29/1937
MRN: MRN-4234033
SSN: 897-","{""full_name"": 1, ""date_of_birth"": 1, ""mrn"": 1, ""ssn"": 1, ""phone"": 1}",55.8,Medium,
d6029791,claude,My new address is 456 Oak Avenue. Reach me at 555-234-6789 or j.smith@company.or,"{""physical_address"": 1, ""phone"": 1, ""email"": 1}",11.7,Low,
synthetic_00944,corpus,"CONSULTATION NOTE

Date: 12/02/2025
Consultant: Dr. Roger Costa
Referring Physic","{""full_name"": 1, ""date_of_birth"": 1, ""age"": 1, ""ssn"": 1, ""phone"": 1, ""email"": 1, ""credit_card"": 1}",77.2,High,
synthetic_00756,corpus,"PROGRESS NOTE

Patient: Amber Parker
DOB: 09/26/1941
MRN: MRN-8520166
SSN: 466-4","{""full_name"": 1, ""date_of_birth"": 1, ""mrn"": 1, ""ssn"": 1, ""phone"": 1}",55.8,Medium,
synthetic_00820,corpus,"CONSULTATION NOTE

Date: 12/07/2025
Consultant: Dr. Michelle King
Referring Phys","{""full_name"": 1, ""date_of_birth"": 1, ""age"": 1, ""ssn"": 1, ""phone"": 1, ""email"": 1, ""credit_card"": 1}",77.2,High,
59d4b00a,claude,You might like this news article: https://techcrunch.com/2024/01/ai-breakthrough,{},0.0,Minimal,
synthetic_00917,corpus,"PROGRESS NOTE

Patient: Dr. Kevin Harris
DOB: 08/24/1974
MRN: MRN-1985840
SSN: 0","{""full_name"": 1, ""date_of_birth"": 1, ""mrn"": 1, ""ssn"": 1, ""phone"": 1}",55.8,Medium,
synthetic_00163,corpus,"CONSULTATION NOTE

Date: 12/18/2025
Consultant: Dr. Michael Nicholson
Referring ","{""full_name"": 1, ""date_of_birth"": 1, ""age"": 1, ""ssn"": 1, ""phone"": 1, ""email"": 1, ""credit_card"": 1}",77.2,High,
8d1bf245,claude,Customer account 12345678 was reviewed with Visa card 4532 0151 1283 0366 on fil,"{""bank_account"": 1, ""credit_card"": 1}",14.4,Low,
1e6359cb,claude_adversarial,Configuration log shows VIN 1G1ZT53886F109186 accessed through IP 10-0-0-1.,"{""ip_address"": 1}",2.7,Minimal,
synthetic_00198,corpus,"CONSULTATION NOTE

Date: 12/03/2025
Consultant: Dr. Christine Johnson MD
Referri","{""full_name"": 1, ""date_of_birth"": 1, ""age"": 1, ""ssn"": 1, ""phone"": 1, ""email"": 1, ""credit_card"": 1}",77.2,High,
85c9ca87,claude,"Hey, can you transfer $500 from account 123456789012 to my Visa 4532-0151-1283-0","{""bank_account"": 2, ""credit_card"": 1}",18.8,Low,
6c535499,template,To: thomasboyle@green.info,"{""email"": 1}",3.6,Minimal,
synthetic_00819,corpus,"PROGRESS NOTE

Patient: James Merritt
DOB: 04/28/1945
MRN: MRN-1426222
SSN: 636-","{""full_name"": 1, ""date_of_birth"": 1, ""mrn"": 1, ""ssn"": 1, ""phone"": 1}",55.8,Medium,
8b9ac75c,claude,Call our sales team today at 444-222-3333 for special promotions.,"{""phone"": 1}",3.6,Minimal,
synthetic_00406,corpus,"PROGRESS NOTE

Patient: Shane Moore
DOB: 12/30/1955
MRN: MRN-9966143
SSN: 590-31","{""full_name"": 1, ""date_of_birth"": 1, ""mrn"": 1, ""ssn"": 1, ""phone"": 1}",55.8,Medium,
90e06b32,claude,Insurance Enrollment - DOB: 11/30/1983,"{""date_of_birth"": 1}",5.4,Minimal,
synthetic_00299,corpus,"PROGRESS NOTE

Patient: Yolanda Keith
DOB: 02/02/1999
MRN: MRN-2096852
SSN: 122-","{""full_name"": 1, ""date_of_birth"": 1, ""mrn"": 1, ""ssn"": 1, ""phone"": 1}",55.8,Medium,
21a82e81,claude_adversarial,"Registration for jёssica.lеe@company.net at 678 Oak Court, Apartment 12, Atlαnta","{""email"": 1, ""physical_address"": 1, ""phone"": 1}",11.7,Low,
synthetic_00712,corpus,"PROGRESS NOTE

Patient: Frederick Molina
DOB: 07/13/1944
MRN: MRN-4520198
SSN: 2","{""full_name"": 1, ""date_of_birth"": 1, ""mrn"": 1, ""ssn"": 1, ""phone"": 1}",55.8,Medium,
b81223a0,claude,"Background Check Report: Sarah Miller, Passport A87654321, California Driver Lic","{""passport"": 1, ""drivers_license"": 1}",14.4,Low,
4cd18344,ai4privacy,"When accessing the school library site, ensure your IP is 176.250.70.62. Contact","{""ip_address"": 1}",2.7,Minimal,
98d6f930,claude,"Hey, can you help me transfer some money? My IBAN is DE89370400440532013000 and ","{""bank_account"": 1, ""credit_card"": 1}",14.4,Low,
synthetic_00609,corpus,"DISCHARGE SUMMARY
========================================

Patient Name: Jasmin","{""full_name"": 1, ""date_of_birth"": 1, ""mrn"": 1, ""ssn"": 1, ""physical_address"": 1, ""email"": 1}",64.8,High,
16e213d8,claude,"Background Check Report: David Kim, Passport B34567890, California License CA123","{""passport"": 1, ""drivers_license"": 1}",14.4,Low,
synthetic_00867,corpus,"PROGRESS NOTE

Patient: Erica Mcmillan
DOB: 12/21/2001
MRN: MRN-1912919
SSN: 327","{""full_name"": 1, ""date_of_birth"": 1, ""mrn"": 1, ""ssn"": 1, ""phone"": 1}",55.8,Medium,
78cc6df0,negative_numbers_context,Price: $3106.98,{},0.0,Minimal,
a97a9d2e,claude,Please verify my account 56781234 transaction. Used card 4532 0151 1283 0366. My,"{""bank_account"": 2, ""credit_card"": 1}",18.8,Low,
8f8d9534,ai4privacy,I merged the data collected from 174.167.141.87 and 4563:b3da:cd0e:a0cf:ae48:f24,"{""ip_address"": 2}",4.6,Minimal,
synthetic_00062,corpus,"PROGRESS NOTE

Patient: Kristy Bryan
DOB: 01/14/1937
MRN: MRN-1762722
SSN: 657-9","{""full_name"": 1, ""date_of_birth"": 1, ""mrn"": 1, ""ssn"": 1, ""phone"": 1}",55.8,Medium,
synthetic_00988,corpus,"PROGRESS NOTE

Patient: Pam Roberts
DOB: 10/06/1962
MRN: MRN-2155070
SSN: 310-39","{""full_name"": 1, ""date_of_birth"": 1, ""mrn"": 1, ""ssn"": 1, ""phone"": 1}",55.8,Medium,
synthetic_00556,corpus,"CONSULTATION NOTE

Date: 12/02/2025
Consultant: Dr. Christopher Olson
Referring ","{""full_name"": 1, ""date_of_birth"": 1, ""age"": 1, ""ssn"": 1, ""phone"": 1, ""email"": 1, ""credit_card"": 1}",77.2,High,
c56f21f4,negative_numbers_context,"See Appendix C, page 173.",{},0.0,Minimal,
e8bffec2,claude,"Hi team, if you need to reach Sarah, her contact is (555) 234-5678 during busine","{""phone"": 1}",3.6,Minimal,
b96e505c,claude_adversarial,Medical records request includes social 45 6789012 and birth date 09/05/1991.,"{""ssn"": 1, ""date_of_birth"": 1}",13.5,Low,
a6e44472,claude,Government ID: 678901234 Security Clearance,"{""drivers_license"": 1}",6.3,Minimal,
synthetic_00565,corpus,"PROGRESS NOTE

Patient: Kimberly Campos
DOB: 03/20/1938
MRN: MRN-6580192
SSN: 01","{""full_name"": 1, ""date_of_birth"": 1, ""mrn"": 1, ""ssn"": 1, ""phone"": 1}",55.8,Medium,
7d347045,claude,Background check documentation with passport A12345678 and license D9876543 for ,"{""passport"": 1, ""drivers_license"": 1}",14.4,Low,
synthetic_00651,corpus,"DISCHARGE SUMMARY
========================================

Patient Name: Melvin","{""full_name"": 1, ""date_of_birth"": 1, ""mrn"": 1, ""ssn"": 1, ""physical_address"": 1, ""email"": 1}",64.8,High,
d6e08d46,claude,"Volunteer Registration
Full Legal Name: Thomas James Bennett
DOB: 12/10/1995
Eme","{""full_name"": 1, ""date_of_birth"": 1}",9.9,Minimal,
synthetic_00377,corpus,"CONSULTATION NOTE

Date: 12/07/2025
Consultant: Dr. Kelly Hodges
Referring Physi","{""full_name"": 1, ""date_of_birth"": 1, ""age"": 1, ""ssn"": 1, ""phone"": 1, ""email"": 1, ""credit_card"": 1}",77.2,High,
75a38907,claude,Technical support request from customer. Please reach out to Robert Thompson at ,"{""phone"": 1, ""email"": 1, ""physical_address"": 1}",11.7,Low,
decbb550,claude_adversarial,"Technical support inquiry: Installation problems at 456 River Lane, Redwood City","{""physical_address"": 1, ""phone"": 1, ""email"": 1}",11.7,Low,
synthetic_00245,corpus,"PROGRESS NOTE

Patient: Mrs. Ashley Kim DDS
DOB: 03/04/1941
MRN: MRN-3405308
SSN","{""full_name"": 1, ""date_of_birth"": 1, ""mrn"": 1, ""ssn"": 1, ""phone"": 1}",55.8,Medium,
synthetic_00207,corpus,"PROGRESS NOTE

Patient: Jeff Wilkins
DOB: 01/19/1963
MRN: MRN-4787304
SSN: 191-5","{""full_name"": 1, ""date_of_birth"": 1, ""mrn"": 1, ""ssn"": 1, ""phone"": 1}",55.8,Medium,
2df4dce7,claude,Detected unauthorized access through https://security.monitoring.io/alert and MA,{},0.0,Minimal,
synthetic_00051,corpus,"PROGRESS NOTE

Patient: Ralph Anderson
DOB: 06/20/1962
MRN: MRN-3722056
SSN: 186","{""full_name"": 1, ""date_of_birth"": 1, ""mrn"": 1, ""ssn"": 1, ""phone"": 1}",55.8,Medium,
df921c27,negative_instructional,Tax ID format: NN-NNN-NNNN,{},0.0,Minimal,
828f7852,claude_adversarial,"Patient Record: Caroline Elizabeth Parker, SSN 012345678, born February-28,-1988","{""full_name"": 1, ""ssn"": 1, ""date_of_birth"": 1}",18.0,Low,
synthetic_00201,corpus,"DISCHARGE SUMMARY
========================================

Patient Name: Deanna","{""full_name"": 1, ""date_of_birth"": 1, ""mrn"": 1, ""ssn"": 1, ""physical_address"": 1, ""email"": 1}",64.8,High,
4497966a,claude_adversarial,Monitoring connection at 2001:0db8:85a3:0000:0000:8a2e:0370:7334 for 1HGBH41JX M,"{""ip_address"": 1}",2.7,Minimal,
980a3502,claude,Refund inquiry for account 45612378 linked to IBAN DE89370400440532013000. Payme,"{""bank_account"": 2, ""credit_card"": 1}",18.8,Low,
synthetic_00672,corpus,"DISCHARGE SUMMARY
========================================

Patient Name: Craig ","{""full_name"": 1, ""date_of_birth"": 1, ""mrn"": 1, ""ssn"": 1, ""physical_address"": 1, ""email"": 1}",64.8,High,
9faf4682,claude,Please help me resolve a payment issue with IBAN GB29NWBK60161331926819 linked t,"{""bank_account"": 1}",6.3,Minimal,
synthetic_00277,corpus,"PROGRESS NOTE

Patient: Mikayla Edwards
DOB: 02/03/1960
MRN: MRN-5693941
SSN: 54","{""full_name"": 1, ""date_of_birth"": 1, ""mrn"": 1, ""ssn"": 1, ""phone"": 1}",55.8,Medium,
synthetic_00307,corpus,"PROGRESS NOTE

Patient: Rebecca Myers
DOB: 01/29/1995
MRN: MRN-3938131
SSN: 426-","{""full_name"": 1, ""date_of_birth"": 1, ""mrn"": 1, ""ssn"": 1, ""phone"": 1}",55.8,Medium,
synthetic_00099,corpus,"PROGRESS NOTE

Patient: Bryce Blair
DOB: 08/17/1960
MRN: MRN-8203947
SSN: 323-18","{""full_name"": 1, ""date_of_birth"": 1, ""mrn"": 1, ""ssn"": 1, ""phone"": 1}",55.8,Medium,
ce3253d9,claude,Help desk requires SSN verification. Please provide: 234-56-7890,"{""ssn"": 1}",8.1,Minimal,
c198231c,claude_adversarial,"Hiring records for Anderson, Christopher. DOB: 1979_08_23, Social: 234 56 7890.","{""full_name"": 1, ""date_of_birth"": 1, ""ssn"": 1}",18.0,Low,
9f9b5680,negative_numbers_context,Score: 45/100,{},0.0,Minimal,
synthetic_00468,corpus,"DISCHARGE SUMMARY
========================================

Patient Name: Shelle","{""full_name"": 1, ""date_of_birth"": 1, ""mrn"": 1, ""ssn"": 1, ""physical_address"": 1, ""email"": 1}",64.8,High,
84c72e05,claude_adversarial,"Employment Application: SSN 234  56 7890, Birth Date: March 17,  1989","{""ssn"": 1, ""date_of_birth"": 1}",13.5,Low,
synthetic_00799,corpus,"DISCHARGE SUMMARY
========================================

Patient Name: Jason ","{""full_name"": 1, ""date_of_birth"": 1, ""mrn"": 1, ""ssn"": 1, ""physical_address"": 1, ""email"": 1}",64.8,High,
synthetic_00340,corpus,"PROGRESS NOTE

Patient: Vanessa Zimmerman
DOB: 02/25/1953
MRN: MRN-8016965
SSN: ","{""full_name"": 1, ""date_of_birth"": 1, ""mrn"": 1, ""ssn"": 1, ""phone"": 1}",55.8,Medium,
ec2d2ee2,claude,Technical support needs to validate your identity using SSN: 567 89 0123,"{""ssn"": 1}",8.1,Minimal,
synthetic_00438,corpus,"CONSULTATION NOTE

Date: 12/10/2025
Consultant: Dr. Rebecca Clark
Referring Phys","{""full_name"": 1, ""date_of_birth"": 1, ""age"": 1, ""ssn"": 1, ""phone"": 1, ""email"": 1, ""credit_card"": 1}",77.2,High,
synthetic_00910,corpus,"CONSULTATION NOTE

Date: 12/04/2025
Consultant: Dr. Sharon Wolfe
Referring Physi","{""full_name"": 1, ""date_of_birth"": 1, ""age"": 1, ""ssn"": 1, ""phone"": 1, ""email"": 1, ""credit_card"": 1}",77.2,High,
4b415f24,claude,Employment Application for Michael Robert Stevens submitted on file. Date of bir,"{""full_name"": 1, ""date_of_birth"": 1}",9.9,Minimal,
7f464c46,claude,"Send the report to thomas.wilson55@hotmail.com at 222 Cedar Lane, Boston, MA 021","{""email"": 1, ""physical_address"": 1, ""phone"": 1}",11.7,Low,
synthetic_00091,corpus,"DISCHARGE SUMMARY
========================================

Patient Name: Linda ","{""full_name"": 1, ""date_of_birth"": 1, ""mrn"": 1, ""ssn"": 1, ""physical_address"": 1, ""email"": 1}",64.8,High,
synthetic_00374,corpus,"PROGRESS NOTE

Patient: Jeanette Chandler
DOB: 05/24/1964
MRN: MRN-6337250
SSN: ","{""full_name"": 1, ""date_of_birth"": 1, ""mrn"": 1, ""ssn"": 1, ""phone"": 1}",55.8,Medium,
synthetic_00806,corpus,"PROGRESS NOTE

Patient: Jennifer Rice
DOB: 08/07/2006
MRN: MRN-8564314
SSN: 191-","{""full_name"": 1, ""date_of_birth"": 1, ""mrn"": 1, ""ssn"": 1, ""phone"": 1}",55.8,Medium,
3a9910a3,claude_adversarial,"HR system update for Christopher James Anderson, SSN 012345678.","{""full_name"": 1, ""ssn"": 1}",12.6,Low,
9d541b22,negative_brand_names,Betty Crocker reported mixed results.,{},0.0,Minimal,
synthetic_00789,corpus,"DISCHARGE SUMMARY
========================================

Patient Name: Brian ","{""full_name"": 1, ""date_of_birth"": 1, ""mrn"": 1, ""ssn"": 1, ""physical_address"": 1, ""email"": 1}",64.8,High,
b4188556,template,"Account holder: Kimberly D. Gonzalez
Account: 708730021027
SSN: 209496162
Addres","{""full_name"": 1, ""bank_account"": 1, ""ssn"": 1, ""physical_address"": 1}",51.5,Medium,
f2140b95,claude,"Password reset request for Sarah Chen. Social Security Number: 234 56 7890, Born","{""full_name"": 1, ""ssn"": 1, ""date_of_birth"": 1}",18.0,Low,
97de070b,template,"SSN: 439.64.1513
DOB: 2003-03-05","{""ssn"": 1, ""date_of_birth"": 1}",13.5,Low,
9cf5224f,claude_adversarial,"Patient Registration Form: sMITH, sARAH j. DOB: 09/22/1973 SSN: 456-78-9012","{""full_name"": 1, ""date_of_birth"": 1, ""ssn"": 1}",18.0,Low,
8a2458b4,template_adversarial,"Patient: Кιng, Joanna
DOB: і2/21/I960
SSN: 366 33 94l9
Phone: (2O6) 44і-1197

Pl","{""full_name"": 1, ""date_of_birth"": 1, ""ssn"": 1, ""phone"": 1}",21.6,Low,
synthetic_00779,corpus,"REFERRAL LETTER

Date: 12/08/2025

To: Dr. Dawn Hawkins
Martinezmouth Specialty ","{""full_name"": 1, ""date_of_birth"": 1, ""phone"": 1}",13.5,Low,
9cb074e8,template,"Account holder: Brian Gonzalez
Account: 7232466513
SSN: 867.53.4374
Address: 249","{""full_name"": 1, ""bank_account"": 1, ""ssn"": 1, ""physical_address"": 1}",51.5,Medium,
f78386c9,claude,"Financial Services Analysis

Business IBAN: DE89370400440532013000
Secondary Acc","{""bank_account"": 2, ""credit_card"": 1}",18.8,Low,
synthetic_00518,corpus,"PROGRESS NOTE

Patient: Edward Johnson
DOB: 12/23/1981
MRN: MRN-8070308
SSN: 081","{""full_name"": 1, ""date_of_birth"": 1, ""mrn"": 1, ""ssn"": 1, ""phone"": 1}",55.8,Medium,
dfdf4c4a,claude,"I'll ship it to 123 Pine Lane, Boston, MA 02108. Reach me at 617.456.7890 or tom","{""physical_address"": 1, ""phone"": 1, ""email"": 1}",11.7,Low,
c657ee51,claude,"Contract details for property at 5544 Birch Road, Denver, CO 80202. Contact repr","{""physical_address"": 1, ""phone"": 1}",8.1,Minimal,
synthetic_00525,corpus,"CONSULTATION NOTE

Date: 12/05/2025
Consultant: Dr. Jessica Crane
Referring Phys","{""full_name"": 1, ""date_of_birth"": 1, ""age"": 1, ""ssn"": 1, ""phone"": 1, ""email"": 1, ""credit_card"": 1}",77.2,High,
synthetic_00306,corpus,"PROGRESS NOTE

Patient: Teresa Matthews
DOB: 08/25/1971
MRN: MRN-8700011
SSN: 28","{""full_name"": 1, ""date_of_birth"": 1, ""mrn"": 1, ""ssn"": 1, ""phone"": 1}",55.8,Medium,
545b7125,claude,"Just met Davis, Christopher with SSN 567 89 0123 born on 11/18/1979.","{""full_name"": 1, ""ssn"": 1, ""date_of_birth"": 1}",18.0,Low,
synthetic_00729,corpus,"CONSULTATION NOTE

Date: 12/16/2025
Consultant: Dr. Joshua Ellis
Referring Physi","{""full_name"": 1, ""date_of_birth"": 1, ""age"": 1, ""ssn"": 1, ""phone"": 1, ""email"": 1, ""credit_card"": 1}",77.2,High,
d9dac856,claude,Payroll needs my identification details: SSN 234567890 and date of birth 1990-05,"{""ssn"": 1, ""date_of_birth"": 1}",13.5,Low,
synthetic_00800,corpus,"PROGRESS NOTE

Patient: Jeffrey Vaughn
DOB: 12/01/1952
MRN: MRN-7118266
SSN: 714","{""full_name"": 1, ""date_of_birth"": 1, ""mrn"": 1, ""ssn"": 1, ""phone"": 1}",55.8,Medium,
synthetic_00445,corpus,"PROGRESS NOTE

Patient: Michelle Richard
DOB: 11/27/2005
MRN: MRN-2873547
SSN: 8","{""full_name"": 1, ""date_of_birth"": 1, ""mrn"": 1, ""ssn"": 1, ""phone"": 1}",55.8,Medium,
synthetic_00145,corpus,"PROGRESS NOTE

Patient: Juan Smith
DOB: 04/25/1953
MRN: MRN-8433377
SSN: 850-29-","{""full_name"": 1, ""date_of_birth"": 1, ""mrn"": 1, ""ssn"": 1, ""phone"": 1}",55.8,Medium,
cf80e94d,claude,Professional credentials file contains license number 456789 for current employm,"{""drivers_license"": 1}",6.3,Minimal,
synthetic_00332,corpus,"PROGRESS NOTE

Patient: Megan Davis DDS
DOB: 09/11/1994
MRN: MRN-7410589
SSN: 28","{""full_name"": 1, ""date_of_birth"": 1, ""mrn"": 1, ""ssn"": 1, ""phone"": 1}",55.8,Medium,
synthetic_00833,corpus,"PROGRESS NOTE

Patient: Crystal Wright
DOB: 06/17/1954
MRN: MRN-8127058
SSN: 607","{""full_name"": 1, ""date_of_birth"": 1, ""mrn"": 1, ""ssn"": 1, ""phone"": 1}",55.8,Medium,
synthetic_00085,corpus,"CONSULTATION NOTE

Date: 12/15/2025
Consultant: Dr. Brandon Spencer
Referring Ph","{""full_name"": 1, ""date_of_birth"": 1, ""age"": 1, ""ssn"": 1, ""phone"": 1, ""email"": 1, ""credit_card"": 1}",77.2,High,
synthetic_00480,corpus,"DISCHARGE SUMMARY
========================================

Patient Name: Andrea","{""full_name"": 1, ""date_of_birth"": 1, ""mrn"": 1, ""ssn"": 1, ""physical_address"": 1, ""email"": 1}",64.8,High,
764d1207,claude,can you check the MAC 00-11-22-33-44-55 on this server?,{},0.0,Minimal,
1ede184a,claude,Identification verification for passport A5432109 and license CA2345678.,"{""passport"": 1, ""drivers_license"": 1}",14.4,Low,
0f19ad46,claude_adversarial,Risk assessment for account 56781234 indicates potential fraud with card 4532.01,"{""bank_account"": 1, ""credit_card"": 1}",14.4,Low,
synthetic_00483,corpus,"CONSULTATION NOTE

Date: 12/02/2025
Consultant: Dr. Brian Massey
Referring Physi","{""full_name"": 1, ""date_of_birth"": 1, ""age"": 1, ""ssn"": 1, ""phone"": 1, ""email"": 1, ""credit_card"": 1}",77.2,High,
synthetic_00791,corpus,"DISCHARGE SUMMARY
========================================

Patient Name: Lori H","{""full_name"": 1, ""date_of_birth"": 1, ""mrn"": 1, ""ssn"": 1, ""physical_address"": 1, ""email"": 1}",64.8,High,
synthetic_00367,corpus,"PROGRESS NOTE

Patient: Benjamin Price
DOB: 09/17/1968
MRN: MRN-2568722
SSN: 358","{""full_name"": 1, ""date_of_birth"": 1, ""mrn"": 1, ""ssn"": 1, ""phone"": 1}",55.8,Medium,
synthetic_00919,corpus,"PROGRESS NOTE

Patient: George Rivera
DOB: 12/19/1964
MRN: MRN-8270280
SSN: 678-","{""full_name"": 1, ""date_of_birth"": 1, ""mrn"": 1, ""ssn"": 1, ""phone"": 1}",55.8,Medium,
synthetic_00437,corpus,"CONSULTATION NOTE

Date: 12/18/2025
Consultant: Dr. Terri Parker
Referring Physi","{""full_name"": 1, ""date_of_birth"": 1, ""age"": 1, ""ssn"": 1, ""phone"": 1, ""email"": 1, ""credit_card"": 1}",77.2,High,
synthetic_00071,corpus,"DISCHARGE SUMMARY
========================================

Patient Name: Alexan","{""full_name"": 1, ""date_of_birth"": 1, ""mrn"": 1, ""ssn"": 1, ""physical_address"": 1, ""email"": 1}",64.8,High,
synthetic_00033,corpus,"CONSULTATION NOTE

Date: 12/09/2025
Consultant: Dr. Cynthia Durham
Referring Phy","{""full_name"": 1, ""date_of_birth"": 1, ""age"": 1, ""ssn"": 1, ""phone"": 1, ""email"": 1, ""credit_card"": 1}",77.2,High,
58de0720,claude,Mobile Contact: (444) 555-6666,"{""phone"": 1}",3.6,Minimal,
30034dc7,claude,Accounting requires bank details: IBAN DE89370400440532013000 for record keeping,"{""bank_account"": 1}",6.3,Minimal,
4104292f,claude,College Financial Aid Application: Applicant SSN 012 34 5678,"{""ssn"": 1}",8.1,Minimal,
synthetic_00061,corpus,"CONSULTATION NOTE

Date: 12/05/2025
Consultant: Dr. Todd Jacobson
Referring Phys","{""full_name"": 1, ""date_of_birth"": 1, ""age"": 1, ""ssn"": 1, ""phone"": 1, ""email"": 1, ""credit_card"": 1}",77.2,High,
8c7934c6,claude,"Here's the delivery info: 789 Pine Rd Suite 200, Atlanta, GA 30303.","{""physical_address"": 1}",4.5,Minimal,
synthetic_00748,corpus,"PROGRESS NOTE

Patient: Stephen Johnson
DOB: 01/21/1964
MRN: MRN-8695389
SSN: 04","{""full_name"": 1, ""date_of_birth"": 1, ""mrn"": 1, ""ssn"": 1, ""phone"": 1}",55.8,Medium,
synthetic_00658,corpus,"CONSULTATION NOTE

Date: 12/12/2025
Consultant: Dr. Ariel Riley
Referring Physic","{""full_name"": 1, ""date_of_birth"": 1, ""age"": 1, ""ssn"": 1, ""phone"": 1, ""email"": 1, ""credit_card"": 1}",77.2,High,
202ad304,claude,"Check out the property listing at 742 Evergreen Terrace, Springfield, IL 62701. ","{""physical_address"": 1, ""email"": 1}",8.1,Minimal,
synthetic_00826,corpus,"PROGRESS NOTE

Patient: Matthew Flores
DOB: 06/24/1955
MRN: MRN-2860547
SSN: 702","{""full_name"": 1, ""date_of_birth"": 1, ""mrn"": 1, ""ssn"": 1, ""phone"": 1}",55.8,Medium,
c58783d3,claude,Please verify IBAN FR7630006000011234567890189 for account 123456789012 using cr,"{""bank_account"": 2, ""credit_card"": 1}",18.8,Low,
synthetic_00206,corpus,"PROGRESS NOTE

Patient: Daniel Thompson
DOB: 02/12/1945
MRN: MRN-7452434
SSN: 86","{""full_name"": 1, ""date_of_birth"": 1, ""mrn"": 1, ""ssn"": 1, ""phone"": 1}",55.8,Medium,
synthetic_00212,corpus,"CONSULTATION NOTE

Date: 12/09/2025
Consultant: Dr. Dennis Weiss
Referring Physi","{""full_name"": 1, ""date_of_birth"": 1, ""age"": 1, ""ssn"": 1, ""phone"": 1, ""email"": 1, ""credit_card"": 1}",77.2,High,
synthetic_00598,corpus,"PROGRESS NOTE

Patient: Billy Miller
DOB: 09/20/1989
MRN: MRN-9470588
SSN: 509-9","{""full_name"": 1, ""date_of_birth"": 1, ""mrn"": 1, ""ssn"": 1, ""phone"": 1}",55.8,Medium,
9eab7967,claude,"michael andrew wilson was born 1991-02-14, ssn 456-78-9012","{""full_name"": 1, ""date_of_birth"": 1, ""ssn"": 1}",18.0,Low,
7086f7eb,claude,"Immigration Record: US Passport 298647512 belonging to Maria Rodriguez, license ","{""passport"": 1, ""drivers_license"": 1}",14.4,Low,
10c55fcd,claude,Verify system health at https://status.infrastructure.com while checking 216.58.,"{""ip_address"": 1}",2.7,Minimal,
synthetic_00364,corpus,"DISCHARGE SUMMARY
========================================

Patient Name: Patric","{""full_name"": 1, ""date_of_birth"": 1, ""mrn"": 1, ""ssn"": 1, ""physical_address"": 1, ""email"": 1}",64.8,High,
synthetic_00075,corpus,"CONSULTATION NOTE

Date: 12/13/2025
Consultant: Dr. Shaun Cannon
Referring Physi","{""full_name"": 1, ""date_of_birth"": 1, ""age"": 1, ""ssn"": 1, ""phone"": 1, ""email"": 1, ""credit_card"": 1}",77.2,High,
e02584fd,ai4privacy_adversarial,"Hi, we are excited for Margot's first appointment at Suite 850, 36183-8380. Plea","{""full_name"": 1, ""bank_account"": 1, ""ssn"": 1}",41.6,Medium,
synthetic_00689,corpus,"PROGRESS NOTE

Patient: David Potter
DOB: 10/08/1939
MRN: MRN-1163120
SSN: 403-3","{""full_name"": 1, ""date_of_birth"": 1, ""mrn"": 1, ""ssn"": 1, ""phone"": 1}",55.8,Medium,
synthetic_00927,corpus,"DISCHARGE SUMMARY
========================================

Patient Name: Donald","{""full_name"": 1, ""date_of_birth"": 1, ""mrn"": 1, ""ssn"": 1, ""physical_address"": 1, ""email"": 1}",64.8,High,
d69ad42b,claude_adversarial,"Medical History: Mic​hael Robert Thompson, born March 15​, 1975, SSN 678 90 2​34","{""full_name"": 1, ""date_of_birth"": 1, ""ssn"": 1}",18.0,Low,
synthetic_00780,corpus,"DISCHARGE SUMMARY
========================================

Patient Name: Adam F","{""full_name"": 1, ""date_of_birth"": 1, ""mrn"": 1, ""ssn"": 1, ""physical_address"": 1, ""email"": 1}",64.8,High,
5a5ca3b7,claude_adversarial,Please check the latest software updates at ht​tps://downloads.techsupport.com/l,{},0.0,Minimal,
008b3bab,claude,"Credit Card Application
Applicant: Jason Lee
Contact Phone: 888.222.3456
Email A","{""phone"": 1, ""email"": 1, ""physical_address"": 1}",11.7,Low,
642b93c2,ai4privacy,"Mother Mckenna Parker Runolfsdottir (DOB: September 9, 1961, SSN: 723 62 3462) i","{""full_name"": 5, ""date_of_birth"": 1, ""ssn"": 1, ""physical_address"": 1, ""bank_account"": 1}",79.3,High,
synthetic_00506,corpus,"PROGRESS NOTE

Patient: Brooke Tran
DOB: 03/31/1969
MRN: MRN-5718333
SSN: 707-32","{""full_name"": 1, ""date_of_birth"": 1, ""mrn"": 1, ""ssn"": 1, ""phone"": 1}",55.8,Medium,
synthetic_00199,corpus,"PROGRESS NOTE

Patient: Patricia Lambert
DOB: 11/14/1954
MRN: MRN-3642344
SSN: 2","{""full_name"": 1, ""date_of_birth"": 1, ""mrn"": 1, ""ssn"": 1, ""phone"": 1}",55.8,Medium,
synthetic_00969,corpus,"PROGRESS NOTE

Patient: Mark Brown
DOB: 12/28/1971
MRN: MRN-1606142
SSN: 506-36-","{""full_name"": 1, ""date_of_birth"": 1, ""mrn"": 1, ""ssn"": 1, ""phone"": 1}",55.8,Medium,
ccfd70fc,claude,can you ping 8.8.8.8 and see if it responds?,"{""ip_address"": 1}",2.7,Minimal,
d7559307,claude,"Can you send the invoice to 345 Commerce Way, Unit 202, San Francisco, CA 94105?","{""physical_address"": 1, ""email"": 1, ""phone"": 1}",11.7,Low,
3599010a,claude,Financial transfer request: use IBAN GB29NWBK60161331926819 and credit card 4532,"{""bank_account"": 1, ""credit_card"": 1}",14.4,Low,
42de2ddf,negative_near_miss,Room 927-5571,{},0.0,Minimal,
synthetic_00433,corpus,"CONSULTATION NOTE

Date: 12/16/2025
Consultant: Dr. Sarah Moses
Referring Physic","{""full_name"": 1, ""date_of_birth"": 1, ""age"": 1, ""ssn"": 1, ""phone"": 1, ""email"": 1, ""credit_card"": 1}",77.2,High,
synthetic_00581,corpus,"PROGRESS NOTE

Patient: Steven Hall
DOB: 03/23/1998
MRN: MRN-4438647
SSN: 479-53","{""full_name"": 1, ""date_of_birth"": 1, ""mrn"": 1, ""ssn"": 1, ""phone"": 1}",55.8,Medium,
synthetic_00461,corpus,"PROGRESS NOTE

Patient: David Stevenson
DOB: 04/25/1985
MRN: MRN-5111878
SSN: 23","{""full_name"": 1, ""date_of_birth"": 1, ""mrn"": 1, ""ssn"": 1, ""phone"": 1}",55.8,Medium,
fe16d6c9,claude,Kevin Robert Zhang's form needs review. His SSN is 012 34 5678.,"{""full_name"": 1, ""ssn"": 1}",12.6,Low,
